Usuario ID;Fecha;Monto;Numero de articulos;Compra ID
1;20210101;100.000000;2;1
9;20211022;900.000000;9;4
5;20210509;500.000000;4;3
2;20210203;200.000000;3;2
